{"cameraMode":{"drawMode":0,"name":"Shaded","section":"Shading Mode"},"sceneLighting":false,"audioPlay":false,"sceneViewState":{"m_AlwaysRefresh":false,"showFog":true,"showSkybox":false,"showFlares":true,"showImageEffects":true,"showParticleSystems":true,"showVisualEffectGraphs":true,"m_FxEnabled":true},"in2DMode":false,"pivot":{"x":313.6103210449219,"y":223.97772216796876,"z":-29.350080490112306},"rotation":{"x":0.12665654718875886,"y":-0.05443207547068596,"z":-0.006960703060030937,"w":-0.9904290437698364},"size":203.7595977783203,"orthographic":false}